{
    "name": "root",
    "gauges": {
        "Elbow.Policy.Entropy.mean": {
            "value": 1.4173117876052856,
            "min": 1.4126709699630737,
            "max": 1.420344591140747,
            "count": 60
        },
        "Elbow.Policy.Entropy.sum": {
            "value": 7007.189453125,
            "min": 6984.2451171875,
            "max": 7232.7646484375,
            "count": 60
        },
        "Elbow.Step.mean": {
            "value": 299968.0,
            "min": 4980.0,
            "max": 299968.0,
            "count": 60
        },
        "Elbow.Step.sum": {
            "value": 299968.0,
            "min": 4980.0,
            "max": 299968.0,
            "count": 60
        },
        "Elbow.Policy.ExtrinsicValueEstimate.mean": {
            "value": 0.016454143449664116,
            "min": -0.08288481086492538,
            "max": 0.04322934150695801,
            "count": 60
        },
        "Elbow.Policy.ExtrinsicValueEstimate.sum": {
            "value": 2.6491172313690186,
            "min": -13.427339553833008,
            "max": 6.95992374420166,
            "count": 60
        },
        "Elbow.Policy.CuriosityValueEstimate.mean": {
            "value": 1.8345966339111328,
            "min": -0.0010377136059105396,
            "max": 6.364914417266846,
            "count": 60
        },
        "Elbow.Policy.CuriosityValueEstimate.sum": {
            "value": 295.37005615234375,
            "min": -0.16810959577560425,
            "max": 1024.751220703125,
            "count": 60
        },
        "Elbow.Environment.EpisodeLength.mean": {
            "value": 215.66666666666666,
            "min": 215.6,
            "max": 219.2,
            "count": 60
        },
        "Elbow.Environment.EpisodeLength.sum": {
            "value": 5176.0,
            "min": 4312.0,
            "max": 5176.0,
            "count": 60
        },
        "Elbow.Environment.CumulativeReward.mean": {
            "value": 0.10906919992218415,
            "min": -0.10307110771536827,
            "max": 0.1834382196345056,
            "count": 60
        },
        "Elbow.Environment.CumulativeReward.sum": {
            "value": 2.6176607981324196,
            "min": -2.4273013789206743,
            "max": 4.402517271228135,
            "count": 60
        },
        "Elbow.Policy.ExtrinsicReward.mean": {
            "value": 0.10906919992218415,
            "min": -0.10307110771536827,
            "max": 0.1834382196345056,
            "count": 60
        },
        "Elbow.Policy.ExtrinsicReward.sum": {
            "value": 2.6176607981324196,
            "min": -2.4273013789206743,
            "max": 4.402517271228135,
            "count": 60
        },
        "Elbow.Policy.CuriosityReward.mean": {
            "value": 0.7088883918477222,
            "min": 0.0,
            "max": 132.1091681563336,
            "count": 60
        },
        "Elbow.Policy.CuriosityReward.sum": {
            "value": 17.013321404345334,
            "min": 0.0,
            "max": 3038.5108675956726,
            "count": 60
        },
        "Elbow.IsTraining.mean": {
            "value": 1.0,
            "min": 1.0,
            "max": 1.0,
            "count": 60
        },
        "Elbow.IsTraining.sum": {
            "value": 1.0,
            "min": 1.0,
            "max": 1.0,
            "count": 60
        },
        "Elbow.Losses.PolicyLoss.mean": {
            "value": 0.0517905097338371,
            "min": 0.0425688339319701,
            "max": 0.05724972148115436,
            "count": 29
        },
        "Elbow.Losses.PolicyLoss.sum": {
            "value": 0.0517905097338371,
            "min": 0.0425688339319701,
            "max": 0.05724972148115436,
            "count": 29
        },
        "Elbow.Losses.ValueLoss.mean": {
            "value": 0.003047971837804653,
            "min": 0.00140665289509343,
            "max": 4.0820846875508625,
            "count": 29
        },
        "Elbow.Losses.ValueLoss.sum": {
            "value": 0.003047971837804653,
            "min": 0.00140665289509343,
            "max": 4.0820846875508625,
            "count": 29
        },
        "Elbow.Policy.LearningRate.mean": {
            "value": 4.04048595952e-05,
            "min": 4.04048595952e-05,
            "max": 9.79512020488e-05,
            "count": 29
        },
        "Elbow.Policy.LearningRate.sum": {
            "value": 4.04048595952e-05,
            "min": 4.04048595952e-05,
            "max": 9.79512020488e-05,
            "count": 29
        },
        "Elbow.Policy.Epsilon.mean": {
            "value": 0.10000000000000002,
            "min": 0.10000000000000002,
            "max": 0.10000000000000002,
            "count": 29
        },
        "Elbow.Policy.Epsilon.sum": {
            "value": 0.10000000000000002,
            "min": 0.10000000000000002,
            "max": 0.10000000000000002,
            "count": 29
        },
        "Elbow.Policy.Beta.mean": {
            "value": 0.00041000752000000003,
            "min": 0.00041000752000000003,
            "max": 0.00097971688,
            "count": 29
        },
        "Elbow.Policy.Beta.sum": {
            "value": 0.00041000752000000003,
            "min": 0.00041000752000000003,
            "max": 0.00097971688,
            "count": 29
        },
        "Elbow.Losses.CuriosityForwardLoss.mean": {
            "value": 1.1081389253338179,
            "min": 1.1081389253338179,
            "max": 8540.714791361492,
            "count": 29
        },
        "Elbow.Losses.CuriosityForwardLoss.sum": {
            "value": 1.1081389253338179,
            "min": 1.1081389253338179,
            "max": 8540.714791361492,
            "count": 29
        },
        "Elbow.Losses.CuriosityInverseLoss.mean": {
            "value": 1.1140389382839202,
            "min": 0.999013373752435,
            "max": 57.653012012441955,
            "count": 29
        },
        "Elbow.Losses.CuriosityInverseLoss.sum": {
            "value": 1.1140389382839202,
            "min": 0.999013373752435,
            "max": 57.653012012441955,
            "count": 29
        }
    },
    "metadata": {
        "timer_format_version": "0.1.0",
        "start_time_seconds": "1753151163",
        "python_version": "3.10.12 (main, Jul  5 2023, 15:02:25) [Clang 14.0.6 ]",
        "command_line_arguments": "/opt/anaconda3/envs/ml-agent/bin/mlagents-learn config/ElbowToGoal.yaml --run-id=test7",
        "mlagents_version": "1.2.0.dev0",
        "mlagents_envs_version": "1.2.0.dev0",
        "communication_protocol_version": "1.5.0",
        "pytorch_version": "2.7.1",
        "numpy_version": "1.21.2",
        "end_time_seconds": "1753151346"
    },
    "total": 183.30045908300053,
    "count": 1,
    "self": 0.0020822070009671734,
    "children": {
        "run_training.setup": {
            "total": 0.013661834000231465,
            "count": 1,
            "self": 0.013661834000231465
        },
        "TrainerController.start_learning": {
            "total": 183.28471504199933,
            "count": 1,
            "self": 0.2878960260177337,
            "children": {
                "TrainerController._reset_env": {
                    "total": 4.222106291000273,
                    "count": 1,
                    "self": 4.222106291000273
                },
                "TrainerController.advance": {
                    "total": 178.7566890999824,
                    "count": 76134,
                    "self": 0.28505840192519827,
                    "children": {
                        "env_step": {
                            "total": 137.81370709188013,
                            "count": 76134,
                            "self": 127.11174252583442,
                            "children": {
                                "SubprocessEnvManager._take_step": {
                                    "total": 10.498247445975721,
                                    "count": 76134,