{
    "name": "root",
    "gauges": {
        "Elbow.Policy.Entropy.mean": {
            "value": -2.628300189971924,
            "min": -2.628300189971924,
            "max": 1.4126235246658325,
            "count": 178
        },
        "Elbow.Policy.Entropy.sum": {
            "value": -2628.30029296875,
            "min": -2628.30029296875,
            "max": 1412.62353515625,
            "count": 178
        },
        "Elbow.Environment.EpisodeLength.mean": {
            "value": 0.0,
            "min": 0.0,
            "max": 0.004016064257028112,
            "count": 178
        },
        "Elbow.Environment.EpisodeLength.sum": {
            "value": 0.0,
            "min": 0.0,
            "max": 4.0,
            "count": 178
        },
        "Elbow.Step.mean": {
            "value": 177999.0,
            "min": 999.0,
            "max": 177999.0,
            "count": 178
        },
        "Elbow.Step.sum": {
            "value": 177999.0,
            "min": 999.0,
            "max": 177999.0,
            "count": 178
        },
        "Elbow.Policy.ExtrinsicValueEstimate.mean": {
            "value": 0.7792941927909851,
            "min": -0.09909117221832275,
            "max": 0.8213843703269958,
            "count": 178
        },
        "Elbow.Policy.ExtrinsicValueEstimate.sum": {
            "value": 779.294189453125,
            "min": -99.09117126464844,
            "max": 821.3843994140625,
            "count": 178
        },
        "Elbow.Policy.CuriosityValueEstimate.mean": {
            "value": 0.23677659034729004,
            "min": 0.00988449901342392,
            "max": 4.307689666748047,
            "count": 178
        },
        "Elbow.Policy.CuriosityValueEstimate.sum": {
            "value": 236.77659606933594,
            "min": 9.835076332092285,
            "max": 4307.689453125,
            "count": 178
        },
        "Elbow.Environment.CumulativeReward.mean": {
            "value": 0.8027094166874885,
            "min": -0.12071482097829783,
            "max": 0.815790252296254,
            "count": 178
        },
        "Elbow.Environment.CumulativeReward.sum": {
            "value": 802.7094166874886,
            "min": -120.11124687340634,
            "max": 815.790252296254,
            "count": 178
        },
        "Elbow.Policy.ExtrinsicReward.mean": {
            "value": 0.8027094166874885,
            "min": -0.12071482097829783,
            "max": 0.815790252296254,
            "count": 178
        },
        "Elbow.Policy.ExtrinsicReward.sum": {
            "value": 802.7094166874886,
            "min": -120.11124687340634,
            "max": 815.790252296254,
            "count": 178
        },
        "Elbow.Policy.CuriosityReward.mean": {
            "value": 1.2558895951315208e-05,
            "min": 1.2558895951315208e-05,
            "max": 0.8300701483488083,
            "count": 178
        },
        "Elbow.Policy.CuriosityReward.sum": {
            "value": 0.012558895951315208,
            "min": 0.012558895951315208,
            "max": 830.0701483488083,
            "count": 178
        },
        "Elbow.Losses.PolicyLoss.mean": {
            "value": 0.17787176448618994,
            "min": 0.1726772765512578,
            "max": 0.2753219181264285,
            "count": 178
        },
        "Elbow.Losses.PolicyLoss.sum": {
            "value": 0.17787176448618994,
            "min": 0.1726772765512578,
            "max": 0.550643836252857,
            "count": 178
        },
        "Elbow.Losses.ValueLoss.mean": {
            "value": 0.00719024968566373,
            "min": 0.005346174058286125,
            "max": 0.1384677098481916,
            "count": 178
        },
        "Elbow.Losses.ValueLoss.sum": {
            "value": 0.00719024968566373,
            "min": 0.00719024968566373,
            "max": 0.2769354196963832,
            "count": 178
        },
        "Elbow.Policy.LearningRate.mean": {
            "value": 9.112480887520002e-05,
            "min": 9.112480887520002e-05,
            "max": 9.99742000258e-05,
            "count": 178
        },
        "Elbow.Policy.LearningRate.sum": {
            "value": 9.112480887520002e-05,
            "min": 9.112480887520002e-05,
            "max": 0.000199871000129,
            "count": 178
        },
        "Elbow.Policy.Epsilon.mean": {
            "value": 0.09999999999999999,
            "min": 0.09999999999999999,
            "max": 0.09999999999999999,
            "count": 178
        },
        "Elbow.Policy.Epsilon.sum": {
            "value": 0.09999999999999999,
            "min": 0.09999999999999999,
            "max": 0.19999999999999998,
            "count": 178
        },
        "Elbow.Policy.Beta.mean": {
            "value": 0.00091213552,
            "min": 0.00091213552,
            "max": 0.00099974458,
            "count": 178
        },
        "Elbow.Policy.Beta.sum": {
            "value": 0.00091213552,
            "min": 0.00091213552,
            "max": 0.0019987229000000004,
            "count": 178
        },
        "Elbow.Losses.CuriosityForwardLoss.mean": {
            "value": 0.0005681565919076093,
            "min": 0.0005681565919076093,
            "max": 4744.432317447662,
            "count": 178
        },
        "Elbow.Losses.CuriosityForwardLoss.sum": {
            "value": 0.0005681565919076093,
            "min": 0.0005681565919076093,
            "max": 4744.432317447662,
            "count": 178
        },
        "Elbow.Losses.CuriosityInverseLoss.mean": {
            "value": 0.0005719447673072864,
            "min": 0.0005719447673072864,
            "max": 14.913926973380148,
            "count": 178
        },
        "Elbow.Losses.CuriosityInverseLoss.sum": {
            "value": 0.0005719447673072864,
            "min": 0.0005719447673072864,
            "max": 14.913926973380148,
            "count": 178
        },
        "Elbow.IsTraining.mean": {
            "value": 1.0,
            "min": 1.0,
            "max": 1.0,
            "count": 178
        },
        "Elbow.IsTraining.sum": {
            "value": 1.0,
            "min": 1.0,
            "max": 1.0,
            "count": 178
        }
    },
    "metadata": {
        "timer_format_version": "0.1.0",
        "start_time_seconds": "1753241523",
        "python_version": "3.10.12 (main, Jul  5 2023, 15:02:25) [Clang 14.0.6 ]",
        "command_line_arguments": "/opt/anaconda3/envs/ml-agent/bin/mlagents-learn config/ElbowToGoal.yaml --run-id=elbow_batchsize16",
        "mlagents_version": "1.2.0.dev0",
        "mlagents_envs_version": "1.2.0.dev0",
        "communication_protocol_version": "1.5.0",
        "pytorch_version": "2.7.1",
        "numpy_version": "1.21.2",
        "end_time_seconds": "1753245916"
    },
    "total": 4388.863061208001,
    "count": 1,
    "self": 0.00214787500044622,
    "children": {
        "run_training.setup": {
            "total": 0.013223541000115802,
            "count": 1,
            "self": 0.013223541000115802
        },
        "TrainerController.start_learning": {
            "total": 4388.847689792001,
            "count": 1,
            "self": 0.9158685918719129,
            "children": {
                "TrainerController._reset_env": {
                    "total": 5.535751375000473,
                    "count": 1,
                    "self": 5.535751375000473
                },
                "TrainerController.advance": {
                    "total": 4382.3704074501275,
                    "count": 89082,
                    "self": 0.6657988039096381,
                    "children": {
                        "env_step": {
                            "total": 4117.9924334990155,
                            "count": 89082,
                            "self": 4101.582388464965,
                            "children": {
                                "SubprocessEnvManager._take_step": {
                                    "total": 15.915513814145015,