{
    "name": "root",
    "gauges": {
        "Elbow.Policy.Entropy.mean": {
            "value": 1.41914963722229,
            "min": 1.4114704132080078,
            "max": 1.42097008228302,
            "count": 60
        },
        "Elbow.Policy.Entropy.sum": {
            "value": 7016.27587890625,
            "min": 6982.255859375,
            "max": 7242.58349609375,
            "count": 60
        },
        "Elbow.Step.mean": {
            "value": 299968.0,
            "min": 4980.0,
            "max": 299968.0,
            "count": 60
        },
        "Elbow.Step.sum": {
            "value": 299968.0,
            "min": 4980.0,
            "max": 299968.0,
            "count": 60
        },
        "Elbow.Policy.ExtrinsicValueEstimate.mean": {
            "value": 0.01217119861394167,
            "min": -0.1284463107585907,
            "max": 0.05332730710506439,
            "count": 60
        },
        "Elbow.Policy.ExtrinsicValueEstimate.sum": {
            "value": 1.9595630168914795,
            "min": -20.679855346679688,
            "max": 8.639023780822754,
            "count": 60
        },
        "Elbow.Policy.CuriosityValueEstimate.mean": {
            "value": 7.137322425842285,
            "min": -0.03596280515193939,
            "max": 16.442224502563477,
            "count": 60
        },
        "Elbow.Policy.CuriosityValueEstimate.sum": {
            "value": 1149.10888671875,
            "min": -5.825974464416504,
            "max": 2647.1982421875,
            "count": 60
        },
        "Elbow.Environment.EpisodeLength.mean": {
            "value": 215.66666666666666,
            "min": 215.6,
            "max": 219.2,
            "count": 60
        },
        "Elbow.Environment.EpisodeLength.sum": {
            "value": 5176.0,
            "min": 4312.0,
            "max": 5176.0,
            "count": 60
        },
        "Elbow.Environment.CumulativeReward.mean": {
            "value": 0.08588637861733635,
            "min": -0.11863706517033279,
            "max": 0.2273257470556668,
            "count": 60
        },
        "Elbow.Environment.CumulativeReward.sum": {
            "value": 2.0612730868160725,
            "min": -2.847289564087987,
            "max": 5.2038743160665035,
            "count": 60
        },
        "Elbow.Policy.ExtrinsicReward.mean": {
            "value": 0.08588637861733635,
            "min": -0.11863706517033279,
            "max": 0.2273257470556668,
            "count": 60
        },
        "Elbow.Policy.ExtrinsicReward.sum": {
            "value": 2.0612730868160725,
            "min": -2.847289564087987,
            "max": 5.2038743160665035,
            "count": 60
        },
        "Elbow.Policy.CuriosityReward.mean": {
            "value": 5.131054557239016,
            "min": 0.0,
            "max": 213.88244885983676,
            "count": 60
        },
        "Elbow.Policy.CuriosityReward.sum": {
            "value": 123.14530937373638,
            "min": 0.0,
            "max": 4919.296323776245,
            "count": 60
        },
        "Elbow.IsTraining.mean": {
            "value": 1.0,
            "min": 1.0,
            "max": 1.0,
            "count": 60
        },
        "Elbow.IsTraining.sum": {
            "value": 1.0,
            "min": 1.0,
            "max": 1.0,
            "count": 60
        },
        "Elbow.Losses.PolicyLoss.mean": {
            "value": 0.05013000728329644,
            "min": 0.04155502694658935,
            "max": 0.05497214682167396,
            "count": 29
        },
        "Elbow.Losses.PolicyLoss.sum": {
            "value": 0.05013000728329644,
            "min": 0.04155502694658935,
            "max": 0.05497214682167396,
            "count": 29
        },
        "Elbow.Losses.ValueLoss.mean": {
            "value": 0.06898524280637502,
            "min": 0.002010436572745675,
            "max": 12.713937208652496,
            "count": 29
        },
        "Elbow.Losses.ValueLoss.sum": {
            "value": 0.06898524280637502,
            "min": 0.002010436572745675,
            "max": 12.713937208652496,
            "count": 29
        },
        "Elbow.Policy.LearningRate.mean": {
            "value": 6.747659920000012e-07,
            "min": 6.747659920000012e-07,
            "max": 9.6585336748e-05,
            "count": 29
        },
        "Elbow.Policy.LearningRate.sum": {
            "value": 6.747659920000012e-07,
            "min": 6.747659920000012e-07,
            "max": 9.6585336748e-05,
            "count": 29
        },
        "Elbow.Policy.Epsilon.mean": {
            "value": 0.1,
            "min": 0.1,
            "max": 0.1,
            "count": 29
        },
        "Elbow.Policy.Epsilon.sum": {
            "value": 0.1,
            "min": 0.1,
            "max": 0.1,
            "count": 29
        },
        "Elbow.Policy.Beta.mean": {
            "value": 1.667920000000001e-05,
            "min": 1.667920000000001e-05,
            "max": 0.0009661948000000002,
            "count": 29
        },
        "Elbow.Policy.Beta.sum": {
            "value": 1.667920000000001e-05,
            "min": 1.667920000000001e-05,
            "max": 0.0009661948000000002,
            "count": 29
        },
        "Elbow.Losses.CuriosityForwardLoss.mean": {
            "value": 0.6301438529789448,
            "min": 0.5552608796954155,
            "max": 4934.930857009887,
            "count": 29
        },
        "Elbow.Losses.CuriosityForwardLoss.sum": {
            "value": 0.6301438529789448,
            "min": 0.5552608796954155,
            "max": 4934.930857009887,
            "count": 29
        },
        "Elbow.Losses.CuriosityInverseLoss.mean": {
            "value": 1.150278999209404,
            "min": 1.0067160150408745,
            "max": 50.42329572707415,
            "count": 29
        },
        "Elbow.Losses.CuriosityInverseLoss.sum": {
            "value": 1.150278999209404,
            "min": 1.0067160150408745,
            "max": 50.42329572707415,
            "count": 29
        }
    },
    "metadata": {
        "timer_format_version": "0.1.0",
        "start_time_seconds": "1753152260",
        "python_version": "3.10.12 (main, Jul  5 2023, 15:02:25) [Clang 14.0.6 ]",
        "command_line_arguments": "/opt/anaconda3/envs/ml-agent/bin/mlagents-learn config/ElbowToGoal.yaml --run-id=hidden1",
        "mlagents_version": "1.2.0.dev0",
        "mlagents_envs_version": "1.2.0.dev0",
        "communication_protocol_version": "1.5.0",
        "pytorch_version": "2.7.1",
        "numpy_version": "1.21.2",
        "end_time_seconds": "1753152460"
    },
    "total": 199.96389933299997,
    "count": 1,
    "self": 0.0023578330010423088,
    "children": {
        "run_training.setup": {
            "total": 0.011081207999268372,
            "count": 1,
            "self": 0.011081207999268372
        },
        "TrainerController.start_learning": {
            "total": 199.95046029199966,
            "count": 1,
            "self": 0.28810241601422604,
            "children": {
                "TrainerController._reset_env": {
                    "total": 9.595979416999398,
                    "count": 1,
                    "self": 9.595979416999398
                },
                "TrainerController.advance": {
                    "total": 190.05268379198606,
                    "count": 75016,
                    "self": 0.2893133340503482,
                    "children": {
                        "env_step": {
                            "total": 132.86365269006455,
                            "count": 75016,
                            "self": 123.7636092702869,
                            "children": {
                                "SubprocessEnvManager._take_step": {
                                    "total": 8.901169878865403,
                                    "count": 75016,
                                    "self": 0.6758210838443119,