{
    "name": "root",
    "gauges": {
        "Elbow.Policy.Entropy.mean": {
            "value": 1.4227514266967773,
            "min": 1.418472409248352,
            "max": 1.42560875415802,
            "count": 60
        },
        "Elbow.Policy.Entropy.sum": {
            "value": 7034.0830078125,
            "min": 7012.927734375,
            "max": 7261.7353515625,
            "count": 60
        },
        "Elbow.Step.mean": {
            "value": 299968.0,
            "min": 4980.0,
            "max": 299968.0,
            "count": 60
        },
        "Elbow.Step.sum": {
            "value": 299968.0,
            "min": 4980.0,
            "max": 299968.0,
            "count": 60
        },
        "Elbow.Policy.ExtrinsicValueEstimate.mean": {
            "value": -0.0004114045877940953,
            "min": -0.011090555228292942,
            "max": 0.055922187864780426,
            "count": 60
        },
        "Elbow.Policy.ExtrinsicValueEstimate.sum": {
            "value": -0.06623613834381104,
            "min": -1.7855793237686157,
            "max": 9.003472328186035,
            "count": 60
        },
        "Elbow.Policy.CuriosityValueEstimate.mean": {
            "value": 7.9482574462890625,
            "min": 0.026014752686023712,
            "max": 15.365594863891602,
            "count": 60
        },
        "Elbow.Policy.CuriosityValueEstimate.sum": {
            "value": 1279.66943359375,
            "min": 4.214389801025391,
            "max": 2473.86083984375,
            "count": 60
        },
        "Elbow.Environment.EpisodeLength.mean": {
            "value": 215.66666666666666,
            "min": 215.6,
            "max": 219.2,
            "count": 60
        },
        "Elbow.Environment.EpisodeLength.sum": {
            "value": 5176.0,
            "min": 4312.0,
            "max": 5176.0,
            "count": 60
        },
        "Elbow.Environment.CumulativeReward.mean": {
            "value": -0.07117063567663233,
            "min": -0.07117063567663233,
            "max": 0.1918873207954069,
            "count": 60
        },
        "Elbow.Environment.CumulativeReward.sum": {
            "value": -1.7080952562391758,
            "min": -1.7080952562391758,
            "max": 4.6052956990897655,
            "count": 60
        },
        "Elbow.Policy.ExtrinsicReward.mean": {
            "value": -0.07117063567663233,
            "min": -0.07117063567663233,
            "max": 0.1918873207954069,
            "count": 60
        },
        "Elbow.Policy.ExtrinsicReward.sum": {
            "value": -1.7080952562391758,
            "min": -1.7080952562391758,
            "max": 4.6052956990897655,
            "count": 60
        },
        "Elbow.Policy.CuriosityReward.mean": {
            "value": 11.52234358433634,
            "min": 0.0,
            "max": 211.2936597907025,
            "count": 60
        },
        "Elbow.Policy.CuriosityReward.sum": {
            "value": 276.53624602407217,
            "min": 0.0,
            "max": 4859.754175186157,
            "count": 60
        },
        "Elbow.IsTraining.mean": {
            "value": 1.0,
            "min": 1.0,
            "max": 1.0,
            "count": 60
        },
        "Elbow.IsTraining.sum": {
            "value": 1.0,
            "min": 1.0,
            "max": 1.0,
            "count": 60
        },
        "Elbow.Losses.PolicyLoss.mean": {
            "value": 0.049004504261538386,
            "min": 0.04489163779187948,
            "max": 0.058850053744390604,
            "count": 29
        },
        "Elbow.Losses.PolicyLoss.sum": {
            "value": 0.049004504261538386,
            "min": 0.04489163779187948,
            "max": 0.058850053744390604,
            "count": 29
        },
        "Elbow.Losses.ValueLoss.mean": {
            "value": 0.04085371520370245,
            "min": 0.0011626449116738512,
            "max": 4.998601385354996,
            "count": 29
        },
        "Elbow.Losses.ValueLoss.sum": {
            "value": 0.04085371520370245,
            "min": 0.0011626449116738512,
            "max": 4.998601385354996,
            "count": 29
        },
        "Elbow.Policy.LearningRate.mean": {
            "value": 6.747659920000012e-07,
            "min": 6.747659920000012e-07,
            "max": 9.6585336748e-05,
            "count": 29
        },
        "Elbow.Policy.LearningRate.sum": {
            "value": 6.747659920000012e-07,
            "min": 6.747659920000012e-07,
            "max": 9.6585336748e-05,
            "count": 29
        },
        "Elbow.Policy.Epsilon.mean": {
            "value": 0.1,
            "min": 0.1,
            "max": 0.1,
            "count": 29
        },
        "Elbow.Policy.Epsilon.sum": {
            "value": 0.1,
            "min": 0.1,
            "max": 0.1,
            "count": 29
        },
        "Elbow.Policy.Beta.mean": {
            "value": 1.667920000000001e-05,
            "min": 1.667920000000001e-05,
            "max": 0.0009661948000000002,
            "count": 29
        },
        "Elbow.Policy.Beta.sum": {
            "value": 1.667920000000001e-05,
            "min": 1.667920000000001e-05,
            "max": 0.0009661948000000002,
            "count": 29
        },
        "Elbow.Losses.CuriosityForwardLoss.mean": {
            "value": 0.6159342227876187,
            "min": 0.44329405538737776,
            "max": 4463.299556427002,
            "count": 29
        },
        "Elbow.Losses.CuriosityForwardLoss.sum": {
            "value": 0.6159342227876187,
            "min": 0.44329405538737776,
            "max": 4463.299556427002,
            "count": 29
        },
        "Elbow.Losses.CuriosityInverseLoss.mean": {
            "value": 1.0880352777242661,
            "min": 1.005580109655857,
            "max": 25.847569085359574,
            "count": 29
        },
        "Elbow.Losses.CuriosityInverseLoss.sum": {
            "value": 1.0880352777242661,
            "min": 1.005580109655857,
            "max": 25.847569085359574,
            "count": 29
        }
    },
    "metadata": {
        "timer_format_version": "0.1.0",
        "start_time_seconds": "1753152684",
        "python_version": "3.10.12 (main, Jul  5 2023, 15:02:25) [Clang 14.0.6 ]",
        "command_line_arguments": "/opt/anaconda3/envs/ml-agent/bin/mlagents-learn config/ElbowToGoal.yaml --run-id=hidden3",
        "mlagents_version": "1.2.0.dev0",
        "mlagents_envs_version": "1.2.0.dev0",
        "communication_protocol_version": "1.5.0",
        "pytorch_version": "2.7.1",
        "numpy_version": "1.21.2",
        "end_time_seconds": "1753152899"
    },
    "total": 214.4701063749999,
    "count": 1,
    "self": 0.0023627079999641865,
    "children": {
        "run_training.setup": {
            "total": 0.011360999999851629,
            "count": 1,
            "self": 0.011360999999851629
        },
        "TrainerController.start_learning": {
            "total": 214.45638266700007,
            "count": 1,
            "self": 0.2924494870540002,
            "children": {
                "TrainerController._reset_env": {
                    "total": 4.28787445800026,
                    "count": 1,
                    "self": 4.28787445800026
                },
                "TrainerController.advance": {
                    "total": 209.85569488894544,
                    "count": 75016,
                    "self": 0.27638669998941623,
                    "children": {
                        "env_step": {
                            "total": 139.24924293587992,
                            "count": 75016,
                            "self": 128.20574754580957,
                            "children": {
                                "SubprocessEnvManager._take_step": {
                                    "total": 10.845192009013772,
                                    "count": 75016,
                                    "self": 0.6661070918535188,