{
    "name": "root",
    "gauges": {
        "Elbow.Policy.Entropy.mean": {
            "value": 1.4074186086654663,
            "min": 1.4063177108764648,
            "max": 1.4189385175704956,
            "count": 60
        },
        "Elbow.Policy.Entropy.sum": {
            "value": 6958.27783203125,
            "min": 6952.8349609375,
            "max": 7218.169921875,
            "count": 60
        },
        "Elbow.Step.mean": {
            "value": 299968.0,
            "min": 4980.0,
            "max": 299968.0,
            "count": 60
        },
        "Elbow.Step.sum": {
            "value": 299968.0,
            "min": 4980.0,
            "max": 299968.0,
            "count": 60
        },
        "Elbow.Policy.ExtrinsicValueEstimate.mean": {
            "value": 0.014238644391298294,
            "min": -0.025390593335032463,
            "max": 0.036166246980428696,
            "count": 60
        },
        "Elbow.Policy.ExtrinsicValueEstimate.sum": {
            "value": 2.292421817779541,
            "min": -4.11327600479126,
            "max": 5.858932018280029,
            "count": 60
        },
        "Elbow.Policy.CuriosityValueEstimate.mean": {
            "value": 6.389814376831055,
            "min": -0.027668751776218414,
            "max": 15.204574584960938,
            "count": 60
        },
        "Elbow.Policy.CuriosityValueEstimate.sum": {
            "value": 1028.7601318359375,
            "min": -4.454668998718262,
            "max": 2447.9365234375,
            "count": 60
        },
        "Elbow.Environment.EpisodeLength.mean": {
            "value": 215.66666666666666,
            "min": 215.6,
            "max": 219.2,
            "count": 60
        },
        "Elbow.Environment.EpisodeLength.sum": {
            "value": 5176.0,
            "min": 4312.0,
            "max": 5176.0,
            "count": 60
        },
        "Elbow.Environment.CumulativeReward.mean": {
            "value": -0.012937579459200302,
            "min": -0.05489506207716962,
            "max": 0.1742885835468769,
            "count": 60
        },
        "Elbow.Environment.CumulativeReward.sum": {
            "value": -0.31050190702080727,
            "min": -1.3174814898520708,
            "max": 3.6960665066726506,
            "count": 60
        },
        "Elbow.Policy.ExtrinsicReward.mean": {
            "value": -0.012937579459200302,
            "min": -0.05489506207716962,
            "max": 0.1742885835468769,
            "count": 60
        },
        "Elbow.Policy.ExtrinsicReward.sum": {
            "value": -0.31050190702080727,
            "min": -1.3174814898520708,
            "max": 3.6960665066726506,
            "count": 60
        },
        "Elbow.Policy.CuriosityReward.mean": {
            "value": 4.137882803256313,
            "min": 0.0,
            "max": 209.60915225485095,
            "count": 60
        },
        "Elbow.Policy.CuriosityReward.sum": {
            "value": 99.30918727815151,
            "min": 0.0,
            "max": 4821.010501861572,
            "count": 60
        },
        "Elbow.IsTraining.mean": {
            "value": 1.0,
            "min": 1.0,
            "max": 1.0,
            "count": 60
        },
        "Elbow.IsTraining.sum": {
            "value": 1.0,
            "min": 1.0,
            "max": 1.0,
            "count": 60
        },
        "Elbow.Losses.PolicyLoss.mean": {
            "value": 0.045717285796999935,
            "min": 0.042178033047821376,
            "max": 0.05753225241322071,
            "count": 29
        },
        "Elbow.Losses.PolicyLoss.sum": {
            "value": 0.045717285796999935,
            "min": 0.042178033047821376,
            "max": 0.05753225241322071,
            "count": 29
        },
        "Elbow.Losses.ValueLoss.mean": {
            "value": 0.02340818403288722,
            "min": 0.001141653380036587,
            "max": 6.9943818092346195,
            "count": 29
        },
        "Elbow.Losses.ValueLoss.sum": {
            "value": 0.02340818403288722,
            "min": 0.001141653380036587,
            "max": 6.9943818092346195,
            "count": 29
        },
        "Elbow.Policy.LearningRate.mean": {
            "value": 6.747659920000012e-07,
            "min": 6.747659920000012e-07,
            "max": 9.6585336748e-05,
            "count": 29
        },
        "Elbow.Policy.LearningRate.sum": {
            "value": 6.747659920000012e-07,
            "min": 6.747659920000012e-07,
            "max": 9.6585336748e-05,
            "count": 29
        },
        "Elbow.Policy.Epsilon.mean": {
            "value": 0.1,
            "min": 0.1,
            "max": 0.1,
            "count": 29
        },
        "Elbow.Policy.Epsilon.sum": {
            "value": 0.1,
            "min": 0.1,
            "max": 0.1,
            "count": 29
        },
        "Elbow.Policy.Beta.mean": {
            "value": 1.667920000000001e-05,
            "min": 1.667920000000001e-05,
            "max": 0.0009661948000000002,
            "count": 29
        },
        "Elbow.Policy.Beta.sum": {
            "value": 1.667920000000001e-05,
            "min": 1.667920000000001e-05,
            "max": 0.0009661948000000002,
            "count": 29
        },
        "Elbow.Losses.CuriosityForwardLoss.mean": {
            "value": 0.4500502313673496,
            "min": 0.43225318476557734,
            "max": 3570.9706791305543,
            "count": 29
        },
        "Elbow.Losses.CuriosityForwardLoss.sum": {
            "value": 0.4500502313673496,
            "min": 0.43225318476557734,
            "max": 3570.9706791305543,
            "count": 29
        },
        "Elbow.Losses.CuriosityInverseLoss.mean": {
            "value": 1.0753589460253716,
            "min": 1.0057305029034616,
            "max": 7.876858654022217,
            "count": 29
        },
        "Elbow.Losses.CuriosityInverseLoss.sum": {
            "value": 1.0753589460253716,
            "min": 1.0057305029034616,
            "max": 7.876858654022217,
            "count": 29
        }
    },
    "metadata": {
        "timer_format_version": "0.1.0",
        "start_time_seconds": "1753156056",
        "python_version": "3.10.12 (main, Jul  5 2023, 15:02:25) [Clang 14.0.6 ]",
        "command_line_arguments": "/opt/anaconda3/envs/ml-agent/bin/mlagents-learn config/ElbowToGoal.yaml --run-id=hidden128-5",
        "mlagents_version": "1.2.0.dev0",
        "mlagents_envs_version": "1.2.0.dev0",
        "communication_protocol_version": "1.5.0",
        "pytorch_version": "2.7.1",
        "numpy_version": "1.21.2",
        "end_time_seconds": "1753156261"
    },
    "total": 204.37968612499935,
    "count": 1,
    "self": 0.002472874999511987,
    "children": {
        "run_training.setup": {
            "total": 0.011572625000553671,
            "count": 1,
            "self": 0.011572625000553671
        },
        "TrainerController.start_learning": {
            "total": 204.3656406249993,
            "count": 1,
            "self": 0.28202144075839897,
            "children": {
                "TrainerController._reset_env": {
                    "total": 5.477190208999673,
                    "count": 1,
                    "self": 5.477190208999673
                },
                "TrainerController.advance": {
                    "total": 198.58914039124102,
                    "count": 75016,
                    "self": 0.28070666830899427,
                    "children": {
                        "env_step": {
                            "total": 135.53413510802238,
                            "count": 75016,
                            "self": 124.9792091438594,
                            "children": {
                                "SubprocessEnvManager._take_step": {
                                    "total": 10.359685935174639,
                                    "count": 75016,
                                    "self": 0.6609108155007561,