{
    "name": "root",
    "gauges": {
        "Elbow.Policy.Entropy.mean": {
            "value": 1.3632550239562988,
            "min": 1.3461560010910034,
            "max": 1.428708791732788,
            "count": 100
        },
        "Elbow.Policy.Entropy.sum": {
            "value": 6838.0869140625,
            "min": 6633.85693359375,
            "max": 7270.640625,
            "count": 100
        },
        "Elbow.Environment.LessonNumber.my_environment_parameter.mean": {
            "value": 3.0,
            "min": 0.0,
            "max": 3.0,
            "count": 100
        },
        "Elbow.Environment.LessonNumber.my_environment_parameter.sum": {
            "value": 3.0,
            "min": 0.0,
            "max": 3.0,
            "count": 100
        },
        "Elbow.Step.mean": {
            "value": 499992.0,
            "min": 4996.0,
            "max": 499992.0,
            "count": 100
        },
        "Elbow.Step.sum": {
            "value": 499992.0,
            "min": 4996.0,
            "max": 499992.0,
            "count": 100
        },
        "Elbow.Policy.ExtrinsicValueEstimate.mean": {
            "value": 0.10905827581882477,
            "min": -0.11787553876638412,
            "max": 0.14722369611263275,
            "count": 100
        },
        "Elbow.Policy.ExtrinsicValueEstimate.sum": {
            "value": 18.32179069519043,
            "min": -19.803091049194336,
            "max": 24.439132690429688,
            "count": 100
        },
        "Elbow.Policy.CuriosityValueEstimate.mean": {
            "value": 0.760135293006897,
            "min": 0.19762875139713287,
            "max": 5.272294521331787,
            "count": 100
        },
        "Elbow.Policy.CuriosityValueEstimate.sum": {
            "value": 127.70272827148438,
            "min": 33.201629638671875,
            "max": 878.3330688476562,
            "count": 100
        },
        "Elbow.Environment.EpisodeLength.mean": {
            "value": 149.0,
            "min": 149.0,
            "max": 151.125,
            "count": 100
        },
        "Elbow.Environment.EpisodeLength.sum": {
            "value": 5364.0,
            "min": 4768.0,
            "max": 5364.0,
            "count": 100
        },
        "Elbow.Environment.CumulativeReward.mean": {
            "value": 0.293942408144681,
            "min": 0.11425329372286797,
            "max": 0.3769470551633276,
            "count": 100
        },
        "Elbow.Environment.CumulativeReward.sum": {
            "value": 10.581926693208516,
            "min": 3.656105399131775,
            "max": 12.062305765226483,
            "count": 100
        },
        "Elbow.Policy.ExtrinsicReward.mean": {
            "value": 0.293942408144681,
            "min": 0.11425329372286797,
            "max": 0.3769470551633276,
            "count": 100
        },
        "Elbow.Policy.ExtrinsicReward.sum": {
            "value": 10.581926693208516,
            "min": 3.656105399131775,
            "max": 12.062305765226483,
            "count": 100
        },
        "Elbow.Policy.CuriosityReward.mean": {
            "value": 0.7048062334975435,
            "min": 0.0,
            "max": 54.212598480284214,
            "count": 100
        },
        "Elbow.Policy.CuriosityReward.sum": {
            "value": 25.373024405911565,
            "min": 0.0,
            "max": 1837.1875891685486,
            "count": 100
        },
        "Elbow.IsTraining.mean": {
            "value": 1.0,
            "min": 1.0,
            "max": 1.0,
            "count": 100
        },
        "Elbow.IsTraining.sum": {
            "value": 1.0,
            "min": 1.0,
            "max": 1.0,
            "count": 100
        },
        "Elbow.Losses.PolicyLoss.mean": {
            "value": 0.050019509470023746,
            "min": 0.04467663366646905,
            "max": 0.05426803004894672,
            "count": 48
        },
        "Elbow.Losses.PolicyLoss.sum": {
            "value": 0.050019509470023746,
            "min": 0.04467663366646905,
            "max": 0.05426803004894672,
            "count": 48
        },
        "Elbow.Losses.ValueLoss.mean": {
            "value": 0.002187457823934632,
            "min": 0.0019551483801998463,
            "max": 2.5543486194951193,
            "count": 48
        },
        "Elbow.Losses.ValueLoss.sum": {
            "value": 0.002187457823934632,
            "min": 0.0019551483801998463,
            "max": 2.5543486194951193,
            "count": 48
        },
        "Elbow.Policy.LearningRate.mean": {
            "value": 9.488099051200052e-06,
            "min": 9.488099051200052e-06,
            "max": 0.0009794640020536,
            "count": 48
        },
        "Elbow.Policy.LearningRate.sum": {
            "value": 9.488099051200052e-06,
            "min": 9.488099051200052e-06,
            "max": 0.0009794640020536,
            "count": 48
        },
        "Elbow.Policy.Epsilon.mean": {
            "value": 0.09999999999999999,
            "min": 0.09999999999999999,
            "max": 0.09999999999999999,
            "count": 48
        },
        "Elbow.Policy.Epsilon.sum": {
            "value": 0.09999999999999999,
            "min": 0.09999999999999999,
            "max": 0.09999999999999999,
            "count": 48
        },
        "Elbow.Policy.Beta.mean": {
            "value": 1.9393120000000048e-05,
            "min": 1.9393120000000048e-05,
            "max": 0.00097966936,
            "count": 48
        },
        "Elbow.Policy.Beta.sum": {
            "value": 1.9393120000000048e-05,
            "min": 1.9393120000000048e-05,
            "max": 0.00097966936,
            "count": 48
        },
        "Elbow.Losses.CuriosityForwardLoss.mean": {
            "value": 0.3775359433676515,
            "min": 0.17188479083457164,
            "max": 2581.9379531519753,
            "count": 48
        },
        "Elbow.Losses.CuriosityForwardLoss.sum": {
            "value": 0.3775359433676515,
            "min": 0.17188479083457164,
            "max": 2581.9379531519753,
            "count": 48
        },
        "Elbow.Losses.CuriosityInverseLoss.mean": {
            "value": 0.93314686779465,
            "min": 0.9093721924083573,
            "max": 5.242471264302731,
            "count": 48
        },
        "Elbow.Losses.CuriosityInverseLoss.sum": {
            "value": 0.93314686779465,
            "min": 0.9093721924083573,
            "max": 5.242471264302731,
            "count": 48
        }
    },
    "metadata": {
        "timer_format_version": "0.1.0",
        "start_time_seconds": "1752811523",
        "python_version": "3.10.12 (main, Jul  5 2023, 15:02:25) [Clang 14.0.6 ]",
        "command_line_arguments": "/opt/anaconda3/envs/ml-agent/bin/mlagents-learn config/ElbowToGoal.yaml --run-id=Elbow1_lambd",
        "mlagents_version": "1.2.0.dev0",
        "mlagents_envs_version": "1.2.0.dev0",
        "communication_protocol_version": "1.5.0",
        "pytorch_version": "2.7.1",
        "numpy_version": "1.21.2",
        "end_time_seconds": "1752811870"
    },
    "total": 347.3166340830012,
    "count": 1,
    "self": 0.0033202490012627095,
    "children": {
        "run_training.setup": {
            "total": 0.014499333999992814,
            "count": 1,
            "self": 0.014499333999992814
        },
        "TrainerController.start_learning": {
            "total": 347.29881449999993,
            "count": 1,
            "self": 0.6897620996951446,
            "children": {
                "TrainerController._reset_env": {
                    "total": 3.9862629159979406,
                    "count": 3,
                    "self": 3.9862629159979406
                },
                "TrainerController.advance": {
                    "total": 342.6108747753078,
                    "count": 125014,
                    "self": 0.7155339347682457,