{
    "name": "root",
    "gauges": {
        "Elbow.Policy.Entropy.mean": {
            "value": 1.4020897150039673,
            "min": 1.3992587327957153,
            "max": 1.420278549194336,
            "count": 60
        },
        "Elbow.Policy.Entropy.sum": {
            "value": 6931.931640625,
            "min": 6917.93505859375,
            "max": 7242.61279296875,
            "count": 60
        },
        "Elbow.Step.mean": {
            "value": 299968.0,
            "min": 4980.0,
            "max": 299968.0,
            "count": 60
        },
        "Elbow.Step.sum": {
            "value": 299968.0,
            "min": 4980.0,
            "max": 299968.0,
            "count": 60
        },
        "Elbow.Policy.ExtrinsicValueEstimate.mean": {
            "value": 0.0456237718462944,
            "min": -0.021828025579452515,
            "max": 0.053258124738931656,
            "count": 60
        },
        "Elbow.Policy.ExtrinsicValueEstimate.sum": {
            "value": 7.345427513122559,
            "min": -3.5143120288848877,
            "max": 8.627816200256348,
            "count": 60
        },
        "Elbow.Policy.CuriosityValueEstimate.mean": {
            "value": 7.022087097167969,
            "min": -0.03447037190198898,
            "max": 14.636754989624023,
            "count": 60
        },
        "Elbow.Policy.CuriosityValueEstimate.sum": {
            "value": 1130.5560302734375,
            "min": -5.549729824066162,
            "max": 2356.517578125,
            "count": 60
        },
        "Elbow.Environment.EpisodeLength.mean": {
            "value": 215.66666666666666,
            "min": 215.6,
            "max": 219.2,
            "count": 60
        },
        "Elbow.Environment.EpisodeLength.sum": {
            "value": 5176.0,
            "min": 4312.0,
            "max": 5176.0,
            "count": 60
        },
        "Elbow.Environment.CumulativeReward.mean": {
            "value": 0.01765924816330274,
            "min": -0.10593620299672087,
            "max": 0.18242540187202394,
            "count": 60
        },
        "Elbow.Environment.CumulativeReward.sum": {
            "value": 0.42382195591926575,
            "min": -2.542468871921301,
            "max": 4.378209644928575,
            "count": 60
        },
        "Elbow.Policy.ExtrinsicReward.mean": {
            "value": 0.01765924816330274,
            "min": -0.10593620299672087,
            "max": 0.18242540187202394,
            "count": 60
        },
        "Elbow.Policy.ExtrinsicReward.sum": {
            "value": 0.42382195591926575,
            "min": -2.542468871921301,
            "max": 4.378209644928575,
            "count": 60
        },
        "Elbow.Policy.CuriosityReward.mean": {
            "value": 5.704410278548797,
            "min": 0.0,
            "max": 192.04701800968337,
            "count": 60
        },
        "Elbow.Policy.CuriosityReward.sum": {
            "value": 136.90584668517113,
            "min": 0.0,
            "max": 4417.081414222717,
            "count": 60
        },
        "Elbow.IsTraining.mean": {
            "value": 1.0,
            "min": 1.0,
            "max": 1.0,
            "count": 60
        },
        "Elbow.IsTraining.sum": {
            "value": 1.0,
            "min": 1.0,
            "max": 1.0,
            "count": 60
        },
        "Elbow.Losses.PolicyLoss.mean": {
            "value": 0.05281734359683469,
            "min": 0.04324026421178132,
            "max": 0.05281734359683469,
            "count": 29
        },
        "Elbow.Losses.PolicyLoss.sum": {
            "value": 0.05281734359683469,
            "min": 0.04324026421178132,
            "max": 0.05281734359683469,
            "count": 29
        },
        "Elbow.Losses.ValueLoss.mean": {
            "value": 0.060735394302755596,
            "min": 0.0010281348232092568,
            "max": 7.282225551605225,
            "count": 29
        },
        "Elbow.Losses.ValueLoss.sum": {
            "value": 0.060735394302755596,
            "min": 0.0010281348232092568,
            "max": 7.282225551605225,
            "count": 29
        },
        "Elbow.Policy.LearningRate.mean": {
            "value": 6.747659920000012e-07,
            "min": 6.747659920000012e-07,
            "max": 9.6585336748e-05,
            "count": 29
        },
        "Elbow.Policy.LearningRate.sum": {
            "value": 6.747659920000012e-07,
            "min": 6.747659920000012e-07,
            "max": 9.6585336748e-05,
            "count": 29
        },
        "Elbow.Policy.Epsilon.mean": {
            "value": 0.1,
            "min": 0.1,
            "max": 0.1,
            "count": 29
        },
        "Elbow.Policy.Epsilon.sum": {
            "value": 0.1,
            "min": 0.1,
            "max": 0.1,
            "count": 29
        },
        "Elbow.Policy.Beta.mean": {
            "value": 1.667920000000001e-05,
            "min": 1.667920000000001e-05,
            "max": 0.0009661948000000002,
            "count": 29
        },
        "Elbow.Policy.Beta.sum": {
            "value": 1.667920000000001e-05,
            "min": 1.667920000000001e-05,
            "max": 0.0009661948000000002,
            "count": 29
        },
        "Elbow.Losses.CuriosityForwardLoss.mean": {
            "value": 0.6546227778494358,
            "min": 0.5456205509603024,
            "max": 3575.250412635803,
            "count": 29
        },
        "Elbow.Losses.CuriosityForwardLoss.sum": {
            "value": 0.6546227778494358,
            "min": 0.5456205509603024,
            "max": 3575.250412635803,
            "count": 29
        },
        "Elbow.Losses.CuriosityInverseLoss.mean": {
            "value": 1.039389346241951,
            "min": 1.0029926246404648,
            "max": 2.219587100148201,
            "count": 29
        },
        "Elbow.Losses.CuriosityInverseLoss.sum": {
            "value": 1.039389346241951,
            "min": 1.0029926246404648,
            "max": 2.219587100148201,
            "count": 29
        }
    },
    "metadata": {
        "timer_format_version": "0.1.0",
        "start_time_seconds": "1753152476",
        "python_version": "3.10.12 (main, Jul  5 2023, 15:02:25) [Clang 14.0.6 ]",
        "command_line_arguments": "/opt/anaconda3/envs/ml-agent/bin/mlagents-learn config/ElbowToGoal.yaml --run-id=hidden2",
        "mlagents_version": "1.2.0.dev0",
        "mlagents_envs_version": "1.2.0.dev0",
        "communication_protocol_version": "1.5.0",
        "pytorch_version": "2.7.1",
        "numpy_version": "1.21.2",
        "end_time_seconds": "1753152672"
    },
    "total": 196.03826254199976,
    "count": 1,
    "self": 0.002447625000058906,
    "children": {
        "run_training.setup": {
            "total": 0.011255249999521766,
            "count": 1,
            "self": 0.011255249999521766
        },
        "TrainerController.start_learning": {
            "total": 196.02455966700018,
            "count": 1,
            "self": 0.286339541070447,
            "children": {
                "TrainerController._reset_env": {
                    "total": 3.574205207999512,
                    "count": 1,
                    "self": 3.574205207999512
                },
                "TrainerController.advance": {
                    "total": 192.14928158392922,
                    "count": 75016,
                    "self": 0.27984648294841463,
                    "children": {
                        "env_step": {
                            "total": 131.7838038689133,
                            "count": 75016,
                            "self": 121.50278140379669,
                            "children": {
                                "SubprocessEnvManager._take_step": {
                                    "total": 10.085548342116454,
                                    "count": 75016,
                                    "self": 0.6608954429984806,