{
    "name": "root",
    "gauges": {
        "Elbow.Policy.Entropy.mean": {
            "value": 1.4162043333053589,
            "min": 1.4162043333053589,
            "max": 1.4254283905029297,
            "count": 60
        },
        "Elbow.Policy.Entropy.sum": {
            "value": 7001.71435546875,
            "min": 7001.71435546875,
            "max": 7256.1708984375,
            "count": 60
        },
        "Elbow.Step.mean": {
            "value": 299968.0,
            "min": 4980.0,
            "max": 299968.0,
            "count": 60
        },
        "Elbow.Step.sum": {
            "value": 299968.0,
            "min": 4980.0,
            "max": 299968.0,
            "count": 60
        },
        "Elbow.Policy.ExtrinsicValueEstimate.mean": {
            "value": 0.010241756215691566,
            "min": -0.050810232758522034,
            "max": 0.042714543640613556,
            "count": 60
        },
        "Elbow.Policy.ExtrinsicValueEstimate.sum": {
            "value": 1.6489226818084717,
            "min": -8.231257438659668,
            "max": 6.919755935668945,
            "count": 60
        },
        "Elbow.Policy.CuriosityValueEstimate.mean": {
            "value": 6.255335330963135,
            "min": 0.03419898450374603,
            "max": 15.140375137329102,
            "count": 60
        },
        "Elbow.Policy.CuriosityValueEstimate.sum": {
            "value": 1007.1090087890625,
            "min": 5.54023551940918,
            "max": 2437.600341796875,
            "count": 60
        },
        "Elbow.Environment.EpisodeLength.mean": {
            "value": 215.66666666666666,
            "min": 215.6,
            "max": 219.2,
            "count": 60
        },
        "Elbow.Environment.EpisodeLength.sum": {
            "value": 5176.0,
            "min": 4312.0,
            "max": 5176.0,
            "count": 60
        },
        "Elbow.Environment.CumulativeReward.mean": {
            "value": -0.004068796057254076,
            "min": -0.12657191596614817,
            "max": 0.2732753152959049,
            "count": 60
        },
        "Elbow.Environment.CumulativeReward.sum": {
            "value": -0.09765110537409782,
            "min": -3.0377259831875563,
            "max": 6.558607567101717,
            "count": 60
        },
        "Elbow.Policy.ExtrinsicReward.mean": {
            "value": -0.004068796057254076,
            "min": -0.12657191596614817,
            "max": 0.2732753152959049,
            "count": 60
        },
        "Elbow.Policy.ExtrinsicReward.sum": {
            "value": -0.09765110537409782,
            "min": -3.0377259831875563,
            "max": 6.558607567101717,
            "count": 60
        },
        "Elbow.Policy.CuriosityReward.mean": {
            "value": 4.364759916439652,
            "min": 0.0,
            "max": 207.16332249019456,
            "count": 60
        },
        "Elbow.Policy.CuriosityReward.sum": {
            "value": 104.75423799455166,
            "min": 0.0,
            "max": 4764.756417274475,
            "count": 60
        },
        "Elbow.IsTraining.mean": {
            "value": 1.0,
            "min": 1.0,
            "max": 1.0,
            "count": 60
        },
        "Elbow.IsTraining.sum": {
            "value": 1.0,
            "min": 1.0,
            "max": 1.0,
            "count": 60
        },
        "Elbow.Losses.PolicyLoss.mean": {
            "value": 0.0470051652751863,
            "min": 0.04357978686224669,
            "max": 0.054599452067632226,
            "count": 29
        },
        "Elbow.Losses.PolicyLoss.sum": {
            "value": 0.0470051652751863,
            "min": 0.04357978686224669,
            "max": 0.054599452067632226,
            "count": 29
        },
        "Elbow.Losses.ValueLoss.mean": {
            "value": 0.03798753703013062,
            "min": 0.001298594347172184,
            "max": 7.361590256690979,
            "count": 29
        },
        "Elbow.Losses.ValueLoss.sum": {
            "value": 0.03798753703013062,
            "min": 0.001298594347172184,
            "max": 7.361590256690979,
            "count": 29
        },
        "Elbow.Policy.LearningRate.mean": {
            "value": 6.747659920000012e-07,
            "min": 6.747659920000012e-07,
            "max": 9.6585336748e-05,
            "count": 29
        },
        "Elbow.Policy.LearningRate.sum": {
            "value": 6.747659920000012e-07,
            "min": 6.747659920000012e-07,
            "max": 9.6585336748e-05,
            "count": 29
        },
        "Elbow.Policy.Epsilon.mean": {
            "value": 0.1,
            "min": 0.1,
            "max": 0.1,
            "count": 29
        },
        "Elbow.Policy.Epsilon.sum": {
            "value": 0.1,
            "min": 0.1,
            "max": 0.1,
            "count": 29
        },
        "Elbow.Policy.Beta.mean": {
            "value": 1.667920000000001e-05,
            "min": 1.667920000000001e-05,
            "max": 0.0009661948000000002,
            "count": 29
        },
        "Elbow.Policy.Beta.sum": {
            "value": 1.667920000000001e-05,
            "min": 1.667920000000001e-05,
            "max": 0.0009661948000000002,
            "count": 29
        },
        "Elbow.Losses.CuriosityForwardLoss.mean": {
            "value": 0.608618238568306,
            "min": 0.5338688164949417,
            "max": 4844.285975875854,
            "count": 29
        },
        "Elbow.Losses.CuriosityForwardLoss.sum": {
            "value": 0.608618238568306,
            "min": 0.5338688164949417,
            "max": 4844.285975875854,
            "count": 29
        },
        "Elbow.Losses.CuriosityInverseLoss.mean": {
            "value": 1.0674413070082664,
            "min": 1.0025872668623925,
            "max": 39.88914118915796,
            "count": 29
        },
        "Elbow.Losses.CuriosityInverseLoss.sum": {
            "value": 1.0674413070082664,
            "min": 1.0025872668623925,
            "max": 39.88914118915796,
            "count": 29
        }
    },
    "metadata": {
        "timer_format_version": "0.1.0",
        "start_time_seconds": "1753155821",
        "python_version": "3.10.12 (main, Jul  5 2023, 15:02:25) [Clang 14.0.6 ]",
        "command_line_arguments": "/opt/anaconda3/envs/ml-agent/bin/mlagents-learn config/ElbowToGoal.yaml --run-id=hidden128-4",
        "mlagents_version": "1.2.0.dev0",
        "mlagents_envs_version": "1.2.0.dev0",
        "communication_protocol_version": "1.5.0",
        "pytorch_version": "2.7.1",
        "numpy_version": "1.21.2",
        "end_time_seconds": "1753156021"
    },
    "total": 200.0645437080002,
    "count": 1,
    "self": 0.0023568329997942783,
    "children": {
        "run_training.setup": {
            "total": 0.010577291999652516,
            "count": 1,
            "self": 0.010577291999652516
        },
        "TrainerController.start_learning": {
            "total": 200.05160958300075,
            "count": 1,
            "self": 0.28482696407263575,
            "children": {
                "TrainerController._reset_env": {
                    "total": 3.5424201669993636,
                    "count": 1,
                    "self": 3.5424201669993636
                },
                "TrainerController.advance": {
                    "total": 196.2092781609299,
                    "count": 75016,
                    "self": 0.27696380870656867,
                    "children": {
                        "env_step": {
                            "total": 135.56957762221282,
                            "count": 75016,
                            "self": 125.13561659235893,
                            "children": {
                                "SubprocessEnvManager._take_step": {
                                    "total": 10.232788052102478,
                                    "count": 75016,
                                    "self": 0.664044697457939,