{
    "name": "root",
    "gauges": {
        "Elbow.Policy.Entropy.mean": {
            "value": 1.4047117233276367,
            "min": 1.3979471921920776,
            "max": 1.4189385175704956,
            "count": 56
        },
        "Elbow.Policy.Entropy.sum": {
            "value": 6944.89453125,
            "min": 6911.451171875,
            "max": 7215.1513671875,
            "count": 56
        },
        "Elbow.Step.mean": {
            "value": 279979.0,
            "min": 4980.0,
            "max": 279979.0,
            "count": 56
        },
        "Elbow.Step.sum": {
            "value": 279979.0,
            "min": 4980.0,
            "max": 279979.0,
            "count": 56
        },
        "Elbow.Policy.ExtrinsicValueEstimate.mean": {
            "value": 0.02024899609386921,
            "min": -0.06323003023862839,
            "max": 0.04003915190696716,
            "count": 56
        },
        "Elbow.Policy.ExtrinsicValueEstimate.sum": {
            "value": 3.2600884437561035,
            "min": -10.180034637451172,
            "max": 6.486342430114746,
            "count": 56
        },
        "Elbow.Policy.CuriosityValueEstimate.mean": {
            "value": 5.141809463500977,
            "min": 0.013642305508255959,
            "max": 9.408561706542969,
            "count": 56
        },
        "Elbow.Policy.CuriosityValueEstimate.sum": {
            "value": 827.8313598632812,
            "min": 2.2100534439086914,
            "max": 1524.18701171875,
            "count": 56
        },
        "Elbow.Environment.EpisodeLength.mean": {
            "value": 215.66666666666666,
            "min": 215.6,
            "max": 219.2,
            "count": 56
        },
        "Elbow.Environment.EpisodeLength.sum": {
            "value": 5176.0,
            "min": 4312.0,
            "max": 5176.0,
            "count": 56
        },
        "Elbow.Environment.CumulativeReward.mean": {
            "value": 0.16585693783734157,
            "min": -0.10946383443661034,
            "max": 0.16585693783734157,
            "count": 56
        },
        "Elbow.Environment.CumulativeReward.sum": {
            "value": 3.814709570258856,
            "min": -2.627132026478648,
            "max": 3.814709570258856,
            "count": 56
        },
        "Elbow.Policy.ExtrinsicReward.mean": {
            "value": 0.16585693783734157,
            "min": -0.10946383443661034,
            "max": 0.16585693783734157,
            "count": 56
        },
        "Elbow.Policy.ExtrinsicReward.sum": {
            "value": 3.814709570258856,
            "min": -2.627132026478648,
            "max": 3.814709570258856,
            "count": 56
        },
        "Elbow.Policy.CuriosityReward.mean": {
            "value": 4.268450611959333,
            "min": 0.0,
            "max": 116.13300205313641,
            "count": 56
        },
        "Elbow.Policy.CuriosityReward.sum": {
            "value": 98.17436407506466,
            "min": 0.0,
            "max": 2671.0590472221375,
            "count": 56
        },
        "Elbow.IsTraining.mean": {
            "value": 1.0,
            "min": 1.0,
            "max": 1.0,
            "count": 56
        },
        "Elbow.IsTraining.sum": {
            "value": 1.0,
            "min": 1.0,
            "max": 1.0,
            "count": 56
        },
        "Elbow.Losses.PolicyLoss.mean": {
            "value": 0.049654043749906125,
            "min": 0.044049483825219796,
            "max": 0.05310211574076675,
            "count": 27
        },
        "Elbow.Losses.PolicyLoss.sum": {
            "value": 0.049654043749906125,
            "min": 0.044049483825219796,
            "max": 0.05310211574076675,
            "count": 27
        },
        "Elbow.Losses.ValueLoss.mean": {
            "value": 0.021666162378387525,
            "min": 0.0015591298423532863,
            "max": 2.4623568853735924,
            "count": 27
        },
        "Elbow.Losses.ValueLoss.sum": {
            "value": 0.021666162378387525,
            "min": 0.0015591298423532863,
            "max": 2.4623568853735924,
            "count": 27
        },
        "Elbow.Policy.LearningRate.mean": {
            "value": 4.451925548080001e-05,
            "min": 4.451925548080001e-05,
            "max": 9.79512020488e-05,
            "count": 27
        },
        "Elbow.Policy.LearningRate.sum": {
            "value": 4.451925548080001e-05,
            "min": 4.451925548080001e-05,
            "max": 9.79512020488e-05,
            "count": 27
        },
        "Elbow.Policy.Epsilon.mean": {
            "value": 0.1,
            "min": 0.1,
            "max": 0.1,
            "count": 27
        },
        "Elbow.Policy.Epsilon.sum": {
            "value": 0.1,
            "min": 0.1,
            "max": 0.1,
            "count": 27
        },
        "Elbow.Policy.Beta.mean": {
            "value": 0.00045074008000000015,
            "min": 0.00045074008000000015,
            "max": 0.00097971688,
            "count": 27
        },
        "Elbow.Policy.Beta.sum": {
            "value": 0.00045074008000000015,
            "min": 0.00045074008000000015,
            "max": 0.00097971688,
            "count": 27
        },
        "Elbow.Losses.CuriosityForwardLoss.mean": {
            "value": 0.36521548084914685,
            "min": 0.29146606411784887,
            "max": 1752.3783951234818,
            "count": 27
        },
        "Elbow.Losses.CuriosityForwardLoss.sum": {
            "value": 0.36521548084914685,
            "min": 0.29146606411784887,
            "max": 1752.3783951234818,
            "count": 27
        },
        "Elbow.Losses.CuriosityInverseLoss.mean": {
            "value": 1.0083865232765674,
            "min": 0.9975621430575847,
            "max": 2.535551322251558,
            "count": 27
        },
        "Elbow.Losses.CuriosityInverseLoss.sum": {
            "value": 1.0083865232765674,
            "min": 0.9975621430575847,
            "max": 2.535551322251558,
            "count": 27
        }
    },
    "metadata": {
        "timer_format_version": "0.1.0",
        "start_time_seconds": "1753151861",
        "python_version": "3.10.12 (main, Jul  5 2023, 15:02:25) [Clang 14.0.6 ]",
        "command_line_arguments": "/opt/anaconda3/envs/ml-agent/bin/mlagents-learn config/ElbowToGoal.yaml --run-id=test9",
        "mlagents_version": "1.2.0.dev0",
        "mlagents_envs_version": "1.2.0.dev0",
        "communication_protocol_version": "1.5.0",
        "pytorch_version": "2.7.1",
        "numpy_version": "1.21.2",
        "end_time_seconds": "1753152098"
    },
    "total": 236.57278574999964,
    "count": 1,
    "self": 0.001737999999022577,
    "children": {
        "run_training.setup": {
            "total": 0.012855042000410322,
            "count": 1,
            "self": 0.012855042000410322
        },
        "TrainerController.start_learning": {
            "total": 236.5581927080002,
            "count": 1,
            "self": 0.2691675960750217,
            "children": {
                "TrainerController._reset_env": {
                    "total": 5.045933041999888,
                    "count": 1,
                    "self": 5.045933041999888
                },
                "TrainerController.advance": {
                    "total": 231.22519240292513,
                    "count": 70139,
                    "self": 0.26006657769266894,
                    "children": {
                        "env_step": {
                            "total": 126.54960887705238,
                            "count": 70139,
                            "self": 116.69592237104553,
                            "children": {
                                "SubprocessEnvManager._take_step": {
                                    "total": 9.668848423078089,
                                    "count": 70139,
                                    "self": 0.6246233451602166,