{
    "name": "root",
    "gauges": {
        "Elbow.Policy.Entropy.mean": {
            "value": 1.4086849689483643,
            "min": 1.3832476139068604,
            "max": 1.4212455749511719,
            "count": 100
        },
        "Elbow.Policy.Entropy.sum": {
            "value": 7065.9638671875,
            "min": 6825.2216796875,
            "max": 7270.640625,
            "count": 100
        },
        "Elbow.Environment.LessonNumber.my_environment_parameter.mean": {
            "value": 3.0,
            "min": 0.0,
            "max": 3.0,
            "count": 100
        },
        "Elbow.Environment.LessonNumber.my_environment_parameter.sum": {
            "value": 3.0,
            "min": 0.0,
            "max": 3.0,
            "count": 100
        },
        "Elbow.Step.mean": {
            "value": 499992.0,
            "min": 4996.0,
            "max": 499992.0,
            "count": 100
        },
        "Elbow.Step.sum": {
            "value": 499992.0,
            "min": 4996.0,
            "max": 499992.0,
            "count": 100
        },
        "Elbow.Policy.ExtrinsicValueEstimate.mean": {
            "value": 0.06493724882602692,
            "min": 0.028557995334267616,
            "max": 0.18604843318462372,
            "count": 100
        },
        "Elbow.Policy.ExtrinsicValueEstimate.sum": {
            "value": 10.90945816040039,
            "min": 4.797743320465088,
            "max": 30.88404083251953,
            "count": 100
        },
        "Elbow.Policy.CuriosityValueEstimate.mean": {
            "value": 3.3134350776672363,
            "min": 0.10699928551912308,
            "max": 11.048391342163086,
            "count": 100
        },
        "Elbow.Policy.CuriosityValueEstimate.sum": {
            "value": 556.6571044921875,
            "min": 17.975879669189453,
            "max": 1834.032958984375,
            "count": 100
        },
        "Elbow.Environment.EpisodeLength.mean": {
            "value": 149.0,
            "min": 149.0,
            "max": 151.125,
            "count": 100
        },
        "Elbow.Environment.EpisodeLength.sum": {
            "value": 5364.0,
            "min": 4768.0,
            "max": 5364.0,
            "count": 100
        },
        "Elbow.Environment.CumulativeReward.mean": {
            "value": 0.1985000252025202,
            "min": 0.08594831002604526,
            "max": 0.40637588283667964,
            "count": 100
        },
        "Elbow.Environment.CumulativeReward.sum": {
            "value": 7.146000907290727,
            "min": 2.8058383762836456,
            "max": 14.629531782120466,
            "count": 100
        },
        "Elbow.Policy.ExtrinsicReward.mean": {
            "value": 0.1985000252025202,
            "min": 0.08594831002604526,
            "max": 0.40637588283667964,
            "count": 100
        },
        "Elbow.Policy.ExtrinsicReward.sum": {
            "value": 7.146000907290727,
            "min": 2.8058383762836456,
            "max": 14.629531782120466,
            "count": 100
        },
        "Elbow.Policy.CuriosityReward.mean": {
            "value": 0.9956023083585832,
            "min": 0.0,
            "max": 142.24136740631528,
            "count": 100
        },
        "Elbow.Policy.CuriosityReward.sum": {
            "value": 35.841683100908995,
            "min": 0.0,
            "max": 5120.68922662735,
            "count": 100
        },
        "Elbow.IsTraining.mean": {
            "value": 1.0,
            "min": 1.0,
            "max": 1.0,
            "count": 100
        },
        "Elbow.IsTraining.sum": {
            "value": 1.0,
            "min": 1.0,
            "max": 1.0,
            "count": 100
        },
        "Elbow.Losses.PolicyLoss.mean": {
            "value": 0.05006498707807623,
            "min": 0.043243115086806935,
            "max": 0.05757787937182002,
            "count": 48
        },
        "Elbow.Losses.PolicyLoss.sum": {
            "value": 0.05006498707807623,
            "min": 0.043243115086806935,
            "max": 0.05757787937182002,
            "count": 48
        },
        "Elbow.Losses.ValueLoss.mean": {
            "value": 0.0035311800165800378,
            "min": 0.0025752688852662686,
            "max": 2.2542450495064257,
            "count": 48
        },
        "Elbow.Losses.ValueLoss.sum": {
            "value": 0.0035311800165800378,
            "min": 0.0025752688852662686,
            "max": 2.2542450495064257,
            "count": 48
        },
        "Elbow.Policy.LearningRate.mean": {
            "value": 9.488099051200052e-06,
            "min": 9.488099051200052e-06,
            "max": 0.0009794640020536,
            "count": 48
        },
        "Elbow.Policy.LearningRate.sum": {
            "value": 9.488099051200052e-06,
            "min": 9.488099051200052e-06,
            "max": 0.0009794640020536,
            "count": 48
        },
        "Elbow.Policy.Epsilon.mean": {
            "value": 0.09999999999999999,
            "min": 0.09999999999999999,
            "max": 0.09999999999999999,
            "count": 48
        },
        "Elbow.Policy.Epsilon.sum": {
            "value": 0.09999999999999999,
            "min": 0.09999999999999999,
            "max": 0.09999999999999999,
            "count": 48
        },
        "Elbow.Policy.Beta.mean": {
            "value": 1.9393120000000048e-05,
            "min": 1.9393120000000048e-05,
            "max": 0.0009796693599999997,
            "count": 48
        },
        "Elbow.Policy.Beta.sum": {
            "value": 1.9393120000000048e-05,
            "min": 1.9393120000000048e-05,
            "max": 0.0009796693599999997,
            "count": 48
        },
        "Elbow.Losses.CuriosityForwardLoss.mean": {
            "value": 0.2978888776153326,
            "min": 0.2581201132386923,
            "max": 10582.837648773193,
            "count": 48
        },
        "Elbow.Losses.CuriosityForwardLoss.sum": {
            "value": 0.2978888776153326,
            "min": 0.2581201132386923,
            "max": 10582.837648773193,
            "count": 48
        },
        "Elbow.Losses.CuriosityInverseLoss.mean": {
            "value": 1.1036612920463085,
            "min": 0.9494054175913333,
            "max": 13.864408925175667,
            "count": 48
        },
        "Elbow.Losses.CuriosityInverseLoss.sum": {
            "value": 1.1036612920463085,
            "min": 0.9494054175913333,
            "max": 13.864408925175667,
            "count": 48
        }
    },
    "metadata": {
        "timer_format_version": "0.1.0",
        "start_time_seconds": "1752816242",
        "python_version": "3.10.12 (main, Jul  5 2023, 15:02:25) [Clang 14.0.6 ]",
        "command_line_arguments": "/opt/anaconda3/envs/ml-agent/bin/mlagents-learn config/ElbowToGoal.yaml --run-id=Elbow3",
        "mlagents_version": "1.2.0.dev0",
        "mlagents_envs_version": "1.2.0.dev0",
        "communication_protocol_version": "1.5.0",
        "pytorch_version": "2.7.1",
        "numpy_version": "1.21.2",
        "end_time_seconds": "1752816511"
    },
    "total": 269.50179279200165,
    "count": 1,
    "self": 0.003351793002366321,
    "children": {
        "run_training.setup": {
            "total": 0.014833290999376914,
            "count": 1,
            "self": 0.014833290999376914
        },
        "TrainerController.start_learning": {
            "total": 269.4836077079999,
            "count": 1,
            "self": 0.6880678007655661,
            "children": {
                "TrainerController._reset_env": {
                    "total": 5.680378874996677,
                    "count": 3,
                    "self": 5.680378874996677
                },
                "TrainerController.advance": {
                    "total": 263.10322324123626,
                    "count": 125014,
                    "self": 0.7120937932195375,